{
  "api": "search",
  "file": "/test/free/aggregations/matrix_stats_multi_value_field.yml",
  "name": "Partially unmapped",
  "origin": "yaml",
  "request": {
    "args": {
      "body": {
        "aggs": {
          "mfs": {
            "matrix_stats": {
              "fields": [
                "val1",
                "val2",
                "vals"
              ]
            }
          }
        }
      },
      "index": [
        "test",
        "unmapped"
      ],
      "rest_total_hits_as_int": true,
      "typed_keys": true
    }
  },
  "response": {
    "headers": {
      "content-type": "application/json",
      "transfer-encoding": "chunked",
      "x-elastic-product": "Elasticsearch"
    },
    "payload": {
      "_shards": {
        "failed": 0,
        "skipped": 0,
        "successful": 6,
        "total": 6
      },
      "aggregations": {
        "matrix_stats#mfs": {
          "doc_count": 13,
          "fields": [
            {
              "correlation": {
                "val1": -0.044997535185684244,
                "val2": 0.047655904749634555,
                "vals": 1
              },
              "count": 13,
              "covariance": {
                "val1": -341865.63636766333,
                "val2": 20342.00684200581,
                "vals": 209288.43636651183
              },
              "kurtosis": 4.090740824738481,
              "mean": -6.965419646276394,
              "name": "vals",
              "skewness": -0.8769843738191875,
              "variance": 209288.43636651183
            },
            {
              "correlation": {
                "val1": 0.956724677302093,
                "val2": 1,
                "vals": 0.047655904749634555
              },
              "count": 13,
              "covariance": {
                "val1": 14824687.357119232,
                "val2": 870580.4708102564,
                "vals": 20342.00684200581
              },
              "kurtosis": 9.588278245940792,
              "mean": -176.9253846153846,
              "name": "val2",
              "skewness": -2.7280138724717986,
              "variance": 870580.4708102564
            },
            {
              "correlation": {
                "val1": 1,
                "val2": 0.956724677302093,
                "vals": -0.044997535185684244
              },
              "count": 13,
              "covariance": {
                "val1": 275796158.97174233,
                "val2": 14824687.357119232,
                "vals": -341865.63636766333
              },
              "kurtosis": 10.967961761749093,
              "mean": -4874.173846153846,
              "name": "val1",
              "skewness": -3.1468173642297788,
              "variance": 275796158.97174233
            }
          ]
        }
      },
      "hits": {
        "hits": [
          {
            "_id": "2",
            "_index": "test",
            "_score": 1,
            "_source": {
              "val1": -5.2,
              "val2": -3.4,
              "val3": 2.3,
              "vals": [
                155,
                16.23
              ]
            }
          },
          {
            "_id": "4",
            "_index": "test",
            "_score": 1,
            "_source": {
              "val1": 18.3,
              "val2": 104.4,
              "val3": 2.3,
              "vals": [
                0.14,
                92.1
              ]
            }
          },
          {
            "_id": "5",
            "_index": "test",
            "_score": 1,
            "_source": {
              "val1": -53.2,
              "val2": -322.4,
              "val3": 2.3,
              "vals": [
                16,
                16
              ]
            }
          },
          {
            "_id": "6",
            "_index": "test",
            "_score": 1,
            "_source": {
              "val1": -578.9,
              "val2": 69.9,
              "val3": 2.3
            }
          },
          {
            "_id": "7",
            "_index": "test",
            "_score": 1,
            "_source": {
              "val1": 16.2,
              "val2": 17.2,
              "val3": 2.3,
              "vals": [
                1234.3,
                -3433
              ]
            }
          },
          {
            "_id": "11",
            "_index": "test",
            "_score": 1,
            "_source": {
              "val1": -1.2,
              "val2": 6.3,
              "val3": 2.3,
              "vals": [
                15.3,
                16.9
              ]
            }
          },
          {
            "_id": "13",
            "_index": "test",
            "_score": 1,
            "_source": {
              "val1": 0.1,
              "val2": 0.92,
              "val3": 2.3,
              "vals": [
                73.2,
                0.12
              ]
            }
          },
          {
            "_id": "8",
            "_index": "test",
            "_score": 1,
            "_source": {
              "val1": -4222.63,
              "val2": 316.44,
              "val3": 2.3,
              "vals": [
                177.2,
                -93.333
              ]
            }
          },
          {
            "_id": "12",
            "_index": "test",
            "_score": 1,
            "_source": {
              "val1": 0,
              "val2": 1.11,
              "val3": 2.3,
              "vals": [
                -644.4,
                -644.4
              ]
            }
          },
          {
            "_id": "14",
            "_index": "test",
            "_score": 1,
            "_source": {
              "val1": 0.12,
              "val2": -82.4,
              "val3": 2.3,
              "vals": [
                -0.001,
                1295.3
              ]
            }
          }
        ],
        "max_score": 1,
        "total": 15
      },
      "timed_out": false,
      "took": 12
    },
    "statusCode": 200
  }
}