{
  "api": "bulk",
  "file": "/test/platinum/downsample/10_basic.yml",
  "name": "Downsample exponential histogram with aggregate",
  "origin": "yaml",
  "request": {
    "args": {
      "body": [
        "{\"index\": {}}",
        "{\"@timestamp\": \"2021-04-28T18:50:04.467Z\", \"metricset\": \"lala\", \"metric\": {\"scale\":38,\"sum\":-2.659439830689209,\"min\":-0.9985699620066124,\"max\":0.9991606633362218,\"positive\":{\"indices\":[-1349015837690,-1133741949749,-1093555204471,-878875428260,-870694284095,-831557211207,-801793317707,-633655864830,-583473541038,-576512037819,-568470393517,-555322469609,-510705457264,-497886869173,-485920366989,-459535642468,-433595368145,-390027945362,-356113581539,-343989550188,-340618512768,-292750567759,-278017998597,-273632142061,-265328573027,-262313863416,-261799809534,-243544433917,-200039973732,-189492605429,-153154647965,-134459061772,-117996065668,-111711978805,-109965984611,-101785856856,-93187164407,-79681306932,-76611651392,-65149069301,-58423697696,-56765280861,-41035363279,-39729265577,-7007278892,-332991304],\"counts\":[1,1,1,1,1,1,1,1,1,1,1,1,1,1,1,1,1,1,1,1,1,1,1,1,1,1,1,1,1,1,1,1,1,1,1,1,1,1,1,1,1,1,1,1,1,1]},\"negative\":{\"indices\":[-1722041245251,-1507876068779,-1461993774485,-1437177146905,-1022221748846,-909329959788,-902070008615,-869527704039,-859349507080,-836401169293,-835541219174,-827446708753,-823853818576,-767042645194,-764466131268,-698239247988,-598695656860,-560446067886,-554301612745,-521812328033,-508700015492,-462218888037,-417010270052,-384781248780,-371405487026,-366789447120,-349996665670,-300317310192,-287581746174,-287132961026,-284865058959,-255687331935,-236975923503,-200065874687,-196100184062,-147243768507,-145933242978,-140904484007,-136697299301,-117022220796,-87401418251,-63863967756,-62902280835,-59450473434,-53232718483,-49452610935,-45384224466,-36361788727,-34176300034,-12469429575,-9431189993,-3254481828,-2083495024,-567508884],\"counts\":[1,1,1,1,1,1,1,1,1,1,1,1,1,1,1,1,1,1,1,1,1,1,1,1,1,1,1,1,1,1,1,1,1,1,1,1,1,1,1,1,1,1,1,1,1,1,1,1,1,1,1,1,1,1]}}, \"label\": {\"scale\":38,\"sum\":-2.659439830689209,\"min\":-0.9985699620066124,\"max\":0.9991606633362218,\"positive\":{\"indices\":[-1349015837690,-1133741949749,-1093555204471,-878875428260,-870694284095,-831557211207,-801793317707,-633655864830,-583473541038,-576512037819,-568470393517,-555322469609,-510705457264,-497886869173,-485920366989,-459535642468,-433595368145,-390027945362,-356113581539,-343989550188,-340618512768,-292750567759,-278017998597,-273632142061,-265328573027,-262313863416,-261799809534,-243544433917,-200039973732,-189492605429,-153154647965,-134459061772,-117996065668,-111711978805,-109965984611,-101785856856,-93187164407,-79681306932,-76611651392,-65149069301,-58423697696,-56765280861,-41035363279,-39729265577,-7007278892,-332991304],\"counts\":[1,1,1,1,1,1,1,1,1,1,1,1,1,1,1,1,1,1,1,1,1,1,1,1,1,1,1,1,1,1,1,1,1,1,1,1,1,1,1,1,1,1,1,1,1,1]},\"negative\":{\"indices\":[-1722041245251,-1507876068779,-1461993774485,-1437177146905,-1022221748846,-909329959788,-902070008615,-869527704039,-859349507080,-836401169293,-835541219174,-827446708753,-823853818576,-767042645194,-764466131268,-698239247988,-598695656860,-560446067886,-554301612745,-521812328033,-508700015492,-462218888037,-417010270052,-384781248780,-371405487026,-366789447120,-349996665670,-300317310192,-287581746174,-287132961026,-284865058959,-255687331935,-236975923503,-200065874687,-196100184062,-147243768507,-145933242978,-140904484007,-136697299301,-117022220796,-87401418251,-63863967756,-62902280835,-59450473434,-53232718483,-49452610935,-45384224466,-36361788727,-34176300034,-12469429575,-9431189993,-3254481828,-2083495024,-567508884],\"counts\":[1,1,1,1,1,1,1,1,1,1,1,1,1,1,1,1,1,1,1,1,1,1,1,1,1,1,1,1,1,1,1,1,1,1,1,1,1,1,1,1,1,1,1,1,1,1,1,1,1,1,1,1,1,1]}}}",
        "{\"index\": {}}",
        "{\"@timestamp\": \"2021-04-28T18:51:04.467Z\", \"metricset\": \"lala\", \"metric\": {\"scale\":38,\"sum\":-2.612341035444145,\"min\":-0.8596842630789088,\"max\":0.9412120998532649,\"positive\":{\"indices\":[-1527782821719,-1491647186305,-912103649399,-744031889051,-669036239523,-602111557612,-586601121715,-567461548128,-483021101785,-450865160617,-331097834736,-293981770197,-289290353357,-246965149109,-203070759894,-180702903638,-135653049938,-93843302593,-78356307212,-76729181967,-65070806329,-64241350555,-24026590621],\"counts\":[1,1,1,1,1,1,1,1,1,1,1,1,1,1,1,1,1,1,1,1,1,1,1]},\"negative\":{\"indices\":[-1423777207002,-923870284341,-877992064499,-870206177266,-850685295282,-759799372292,-643924938249,-570457241089,-528116212727,-369003212885,-315079526687,-292745353109,-235218433328,-222024648135,-204603508425,-195434414609,-177993661419,-172367743205,-168351131368,-149696012047,-115115447928,-95206374327,-74115574931,-74013160315,-64191774880,-63955626713,-59956698242],\"counts\":[1,1,1,1,1,1,1,1,1,1,1,1,1,1,1,1,1,1,1,1,1,1,1,1,1,1,1]}}, \"label\": {\"scale\":38,\"sum\":-2.612341035444145,\"min\":-0.8596842630789088,\"max\":0.9412120998532649,\"positive\":{\"indices\":[-1527782821719,-1491647186305,-912103649399,-744031889051,-669036239523,-602111557612,-586601121715,-567461548128,-483021101785,-450865160617,-331097834736,-293981770197,-289290353357,-246965149109,-203070759894,-180702903638,-135653049938,-93843302593,-78356307212,-76729181967,-65070806329,-64241350555,-24026590621],\"counts\":[1,1,1,1,1,1,1,1,1,1,1,1,1,1,1,1,1,1,1,1,1,1,1]},\"negative\":{\"indices\":[-1423777207002,-923870284341,-877992064499,-870206177266,-850685295282,-759799372292,-643924938249,-570457241089,-528116212727,-369003212885,-315079526687,-292745353109,-235218433328,-222024648135,-204603508425,-195434414609,-177993661419,-172367743205,-168351131368,-149696012047,-115115447928,-95206374327,-74115574931,-74013160315,-64191774880,-63955626713,-59956698242],\"counts\":[1,1,1,1,1,1,1,1,1,1,1,1,1,1,1,1,1,1,1,1,1,1,1,1,1,1,1]}}}"
      ],
      "index": "test-exponential-histogram",
      "refresh": true
    }
  },
  "response": {
    "headers": {
      "content-type": "application/json",
      "transfer-encoding": "chunked",
      "x-elastic-product": "Elasticsearch"
    },
    "payload": {
      "errors": false,
      "items": [
        {
          "index": {
            "_id": "_mGK1Bx0bo-RubwlAAABeRnRGTM",
            "_index": "test-exponential-histogram",
            "_primary_term": 1,
            "_seq_no": 0,
            "_shards": {
              "failed": 0,
              "successful": 1,
              "total": 2
            },
            "_version": 1,
            "forced_refresh": true,
            "result": "created",
            "status": 201
          }
        },
        {
          "index": {
            "_id": "_mGK1Bx0bo-RubwlAAABeRnSA5M",
            "_index": "test-exponential-histogram",
            "_primary_term": 1,
            "_seq_no": 1,
            "_shards": {
              "failed": 0,
              "successful": 1,
              "total": 2
            },
            "_version": 1,
            "forced_refresh": true,
            "result": "created",
            "status": 201
          }
        }
      ],
      "took": 0
    },
    "statusCode": 200
  }
}